INSERT INTO User_Acount VALUES (1, 'caitlyn10', 'e9b77a9789d08f4e3fc33b7d3294f5e0d1c139bd56fec4be5b04f90703dbe95a', 2);
INSERT INTO User_Acount VALUES (2, 'dacosta', 'bfb361f8ef308c3a712e9dab16ea957823907101adcd6fb072901a338cc9e81e', 1);
INSERT INTO User_Acount VALUES (3, 'nbutler', 'b1ba34fef0be6f97129cfbc8a9be34deeb980baea269ee0de7ec77ced733c60c', 3);
INSERT INTO User_Acount VALUES (4, 'veronicacraig', '5f55bf12829f363e58514f85b4c53ba8c871cfcffacd610f1b2beaabe86e9497', 2);
INSERT INTO User_Acount VALUES (5, 'beltrandavid', 'cd1586edd1a1bea94f9b6958a49f4c1dfa76e4cf01768d8f1026adfca426d772', 1);
INSERT INTO User_Acount VALUES (6, 'jenniferporter', '2a9d7da824c56d896520f7729743f4aa04885510ab9cc06f9cf9717927af0639', 2);
INSERT INTO User_Acount VALUES (7, 'john27', '2982477103e8cdaac27ecd80629bab6624e7009bec47efa8caa6e02569e641d8', 3);
INSERT INTO User_Acount VALUES (8, 'taylor69', '68a930f437bd1a3ce7b57ccb843420e86551ff82d00e1c9bc2da2d34157bb596', 2);
INSERT INTO User_Acount VALUES (9, 'jonathan51', '5c363c0b06f2ab00d8899ea653e90781df2b675fd519cd9e826d18216087157c', 1);
INSERT INTO User_Acount VALUES (10, 'zdavis', '9bb66d524881ceddef528a0e747dbdd63483e06b271e51b461627ac3061943a9', 3);
INSERT INTO User_Acount VALUES (11, 'fashley', 'e393cede1f29083a312d110e7b3e7dd0d4d1ef37367ae694b323f1f640f56cb3', 3);
INSERT INTO User_Acount VALUES (12, 'pattersonbrittany', 'c0b3da3c2a263656f1e7b43677970324b8fe4132d074381c7c0071192222489e', 3);
INSERT INTO User_Acount VALUES (13, 'ymcneil', 'a146a1029189628ffe5e2bbcee3890c2693e08266c969805af8b4c450d24570f', 3);
INSERT INTO User_Acount VALUES (14, 'collinsedward', 'fca51be7734007ced08e0ed27b63b243cc5aec9e65864a239a3ff3d8dffe2fc6', 1);
INSERT INTO User_Acount VALUES (15, 'wwatson', 'c22dbf51324e7fb1f273f0369b39a08862ff296482264a88432bd95853def9e8', 3);
INSERT INTO User_Acount VALUES (16, 'amyrojas', '3b0a52040cf3bf95b2772ab77e70c7670675a0f3ad03cce0b6cea430f696cbb9', 2);
INSERT INTO User_Acount VALUES (17, 'johnsonbrian', 'ec3fa286c14df701aad39072e7edb4a91c5d372e2c4705727075a5242117b961', 3);
INSERT INTO User_Acount VALUES (18, 'ojones', 'a1ecec821706516eb402d29c32af246a340c4f5792b73e579c4a5744d0a82433', 2);
INSERT INTO User_Acount VALUES (19, 'amymyers', '1b307e52ba4f3d1fa3b54892f6f3d9b88552842622ae93e49befc0bae3ff7e8e', 3);
INSERT INTO User_Acount VALUES (20, 'jameschavez', '702a5f6bd4ed32a22082e4e2e40889ff2bd989dd21d202bb6dce5feb26244cdc', 2);



INSERT INTO Training_Manager VALUES (1, 'Stephanie', 'Rogers', '+1-411-574-1340x15875', 'macdonaldjared@yahoo.com', '2011-11-01', 1);
INSERT INTO Training_Manager VALUES (2, 'Shane', 'Yoder', '465-380-5476x106', 'qwolfe@hotmail.com', '2011-05-23', 2);
INSERT INTO Training_Manager VALUES (3, 'Ryan', 'Harris', '589-822-8203', 'qharvey@gmail.com', '2012-10-01', 3);
INSERT INTO Training_Manager VALUES (4, 'Mariah', 'Koch', '001-018-129-1796x321', 'krystal89@hardy.com', '2011-01-12', 4);
INSERT INTO Training_Manager VALUES (5, 'Jason', 'Ferrell', '8445581404', 'susanavila@hall.biz', '2010-02-01', 5);
INSERT INTO Training_Manager VALUES (6, 'Tammy', 'Sweeney', '(520)141-6529x50803', 'nicholsrobert@moore.org', '2007-12-29', 6);
INSERT INTO Training_Manager VALUES (7, 'Alyssa', 'May', '(676)525-7564x53815', 'petersonrandall@king.com', '2012-04-18', 7);
INSERT INTO Training_Manager VALUES (8, 'Thomas', 'Bradley', '4682666951', 'gracearnold@oneill.biz', '2012-12-31', 8);
INSERT INTO Training_Manager VALUES (9, 'Lauren', 'Dennis', '001-820-636-6040x6648', 'sawyerkelsey@carpenter.com', '2005-06-28', 9);
INSERT INTO Training_Manager VALUES (10, 'Jennifer', 'Cain', '2498474242', 'tyronedixon@medina.com', '2016-08-08', 10);



INSERT INTO Instructor VALUES (1, 'Thomas', 'Thomas', '491.867.0022', 'williamskimberly@gutierrez.com', '2012-05-25', 11);
INSERT INTO Instructor VALUES (2, 'Rodney', 'Schmitt', '257.909.7483x3006', 'anitamelton@ferguson.com', '2017-06-28', 12);
INSERT INTO Instructor VALUES (3, 'Gina', 'Wyatt', '(301)349-0938x7863', 'jrobinson@yahoo.com', '2013-06-14', 13);
INSERT INTO Instructor VALUES (4, 'Amy', 'Thomas', '200-746-4986', 'irussell@hotmail.com', '2018-07-07', 14);
INSERT INTO Instructor VALUES (5, 'Juan', 'Jones', '(995)263-2383x1883', 'utucker@hotmail.com', '2011-03-05', 15);
INSERT INTO Instructor VALUES (6, 'Michael', 'Cole', '001-890-090-8073x988', 'amysmith@henry-perry.info', '2010-05-01', 16);
INSERT INTO Instructor VALUES (7, 'Tiffany', 'Cochran', '+1-913-680-5367x484', 'johnreed@hotmail.com', '2018-10-03', 17);
INSERT INTO Instructor VALUES (8, 'Matthew', 'Jackson', '1040876230', 'taramorse@hotmail.com', '2016-07-10', 18);
INSERT INTO Instructor VALUES (9, 'Carol', 'Reyes', '(827)465-4846', 'heather74@yahoo.com', '2015-10-13', 19);
INSERT INTO Instructor VALUES (10, 'Morgan', 'Harris', '+1-324-911-7664x19030', 'lisagomez@burton.com', '2010-01-25', 20);


INSERT INTO Students (ID, First_Name, Last_Name, Phone, Email, BOD, Training_Manager_ID, User_Acount_ID) VALUES
(1, 'Omar', 'Yasser', '01001234567', 'omar.yasser@email.com', '2001-04-12', 1, 1),
(2, 'Mona', 'Ali', '01002345678', 'mona.ali@email.com', '2000-07-08', 2, 2),
(3, 'Youssef', 'Adel', '01003456789', 'youssef.adel@email.com', '2002-11-20', 3, 3),
(4, 'Aya', 'Hassan', '01004567891', 'aya.hassan@email.com', '2001-02-15', 4, 4),
(5, 'Karim', 'Nabil', '01005678912', 'karim.nabil@email.com', '2000-09-23', 5, 5),
(6, 'Nada', 'Magdy', '01006789123', 'nada.magdy@email.com', '2001-01-05', 6, 6),
(7, 'Tamer', 'Mostafa', '01007891234', 'tamer.mostafa@email.com', '2002-05-30', 7, 7),
(8, 'Salma', 'Fathy', '01008912345', 'salma.fathy@email.com', '2003-03-18', 8, 8),
(9, 'Ahmed', 'Saad', '01009123456', 'ahmed.saad@email.com', '2000-06-11', 9, 9),
(10, 'Laila', 'Khaled', '01001239876', 'laila.khaled@email.com', '2001-10-02', 10, 10);



INSERT INTO Track VALUES (1, 'Track 1', 'CS', 7);
INSERT INTO Track VALUES (2, 'Track 2', 'IS', 5);
INSERT INTO Track VALUES (3, 'Track 3', 'IT', 5);
INSERT INTO Track VALUES (4, 'Track 4', 'IS', 7);
INSERT INTO Track VALUES (5, 'Track 5', 'IT', 2);
INSERT INTO Track VALUES (6, 'Track 6', 'CS', 10);
INSERT INTO Track VALUES (7, 'Track 7', 'IT', 1);
INSERT INTO Track VALUES (8, 'Track 8', 'IT', 2);
INSERT INTO Track VALUES (9, 'Track 9', 'CS', 1);
INSERT INTO Track VALUES (10, 'Track 10', 'IT', 10);



INSERT INTO Branch VALUES (1, 'Branch 1', 2);
INSERT INTO Branch VALUES (2, 'Branch 2', 3);
INSERT INTO Branch VALUES (3, 'Branch 3', 3);
INSERT INTO Branch VALUES (4, 'Branch 4', 4);
INSERT INTO Branch VALUES (5, 'Branch 5', 6);
INSERT INTO Branch VALUES (6, 'Branch 6', 8);
INSERT INTO Branch VALUES (7, 'Branch 7', 3);
INSERT INTO Branch VALUES (8, 'Branch 8', 5);
INSERT INTO Branch VALUES (9, 'Branch 9', 1);
INSERT INTO Branch VALUES (10, 'Branch 10', 4);




INSERT INTO Intake VALUES (1, 'Intake 1', 2018, 8);
INSERT INTO Intake VALUES (2, 'Intake 2', 2021, 1);
INSERT INTO Intake VALUES (3, 'Intake 3', 2022, 6);
INSERT INTO Intake VALUES (4, 'Intake 4', 2022, 10);
INSERT INTO Intake VALUES (5, 'Intake 5', 2023, 10);
INSERT INTO Intake VALUES (6, 'Intake 6', 2023, 3);
INSERT INTO Intake VALUES (7, 'Intake 7', 2018, 2);
INSERT INTO Intake VALUES (8, 'Intake 8', 2022, 5);
INSERT INTO Intake VALUES (9, 'Intake 9', 2021, 10);
INSERT INTO Intake VALUES (10, 'Intake 10', 2023, 7);




INSERT INTO Course VALUES (1, 'Course 1', 50, 100, 'Operation both measure free.', 5);
INSERT INTO Course VALUES (2, 'Course 2', 50, 100, 'Night fire sound specific PM leader.', 8);
INSERT INTO Course VALUES (3, 'Course 3', 50, 100, 'Because newspaper find behavior what bad.', 8);
INSERT INTO Course VALUES (4, 'Course 4', 50, 100, 'Short tax art read onto.', 9);
INSERT INTO Course VALUES (5, 'Course 5', 50, 100, 'Compare improve professional.', 3);
INSERT INTO Course VALUES (6, 'Course 6', 50, 100, 'Him character walk.', 10);
INSERT INTO Course VALUES (7, 'Course 7', 50, 100, 'Fund general about analysis.', 8);
INSERT INTO Course VALUES (8, 'Course 8', 50, 100, 'Lead worker why drug.', 8);
INSERT INTO Course VALUES (9, 'Course 9', 50, 100, 'After occur late teach would toward.', 10);
INSERT INTO Course VALUES (10, 'Course 10', 50, 100, 'Area continue practice.', 10);




INSERT INTO Exam VALUES (1, 'Midterm', 2021, '12:15:42', '13:55:19', 6);
INSERT INTO Exam VALUES (2, 'Final', 2023, '21:52:00', '04:05:26', 2);
INSERT INTO Exam VALUES (3, 'Final', 2020, '20:27:01', '14:13:19', 2);
INSERT INTO Exam VALUES (4, 'Final', 2022, '02:36:50', '09:59:19', 9);
INSERT INTO Exam VALUES (5, 'Midterm', 2019, '06:40:13', '16:19:18', 8);
INSERT INTO Exam VALUES (6, 'Final', 2025, '11:40:27', '04:19:24', 8);
INSERT INTO Exam VALUES (7, 'Final', 2021, '19:22:09', '04:43:43', 5);
INSERT INTO Exam VALUES (8, 'Final', 2020, '09:50:22', '23:53:52', 7);
INSERT INTO Exam VALUES (9, 'Final', 2020, '06:21:33', '08:26:21', 4);
INSERT INTO Exam VALUES (10, 'Midterm', 2023, '21:35:53', '00:53:55', 3);





INSERT INTO Students_Exams VALUES (1, 4, 7, 65.55);
INSERT INTO Students_Exams VALUES (2, 4, 3, 66.1);
INSERT INTO Students_Exams VALUES (3, 8, 5, 96.75);
INSERT INTO Students_Exams VALUES (4, 1, 3, 55.19);
INSERT INTO Students_Exams VALUES (5, 5, 9, 91.08);
INSERT INTO Students_Exams VALUES (6, 3, 8, 91.35);
INSERT INTO Students_Exams VALUES (7, 4, 3, 69.18);
INSERT INTO Students_Exams VALUES (8, 7, 5, 63.64);
INSERT INTO Students_Exams VALUES (9, 8, 7, 99.19);
INSERT INTO Students_Exams VALUES (10, 2, 5, 74.01);





INSERT INTO Students_Courses VALUES (1, 2, 5);
INSERT INTO Students_Courses VALUES (2, 10, 2);
INSERT INTO Students_Courses VALUES (3, 3, 2);
INSERT INTO Students_Courses VALUES (4, 6, 9);
INSERT INTO Students_Courses VALUES (5, 5, 8);
INSERT INTO Students_Courses VALUES (6, 8, 2);
INSERT INTO Students_Courses VALUES (7, 6, 6);
INSERT INTO Students_Courses VALUES (8, 10, 10);
INSERT INTO Students_Courses VALUES (9, 8, 3);
INSERT INTO Students_Courses VALUES (10, 3, 9);




INSERT INTO Questions VALUES (1, 'A', 'Statement so door throughout leave since than bill.', 'MCQ', 2);
INSERT INTO Questions VALUES (2, 'A', 'Add know social improve business owner include.', 'TF', 5);
INSERT INTO Questions VALUES (3, 'A', 'Firm despite whatever.', 'TF', 2);
INSERT INTO Questions VALUES (4, 'A', 'About me back capital page indeed.', 'MCQ', 3);
INSERT INTO Questions VALUES (5, 'A', 'Your wind chance per phone fall well.', 'TF', 10);
INSERT INTO Questions VALUES (6, 'A', 'Contain develop world yes choose.', 'TF', 10);
INSERT INTO Questions VALUES (7, 'A', 'Risk drive far past thank seven.', 'TF', 7);
INSERT INTO Questions VALUES (8, 'A', 'Easy response cover specific know.', 'TF', 2);
INSERT INTO Questions VALUES (9, 'A', 'Society especially white ago could final decision forward.', 'TF', 8);
INSERT INTO Questions VALUES (10, 'A', 'Capital defense candidate source property avoid.', 'TF', 3);




INSERT INTO Exam_Questions VALUES (1, 3, 2);
INSERT INTO Exam_Questions VALUES (2, 2, 1);
INSERT INTO Exam_Questions VALUES (3, 6, 1);
INSERT INTO Exam_Questions VALUES (4, 8, 10);
INSERT INTO Exam_Questions VALUES (5, 2, 6);
INSERT INTO Exam_Questions VALUES (6, 6, 3);
INSERT INTO Exam_Questions VALUES (7, 1, 2);
INSERT INTO Exam_Questions VALUES (8, 10, 10);
INSERT INTO Exam_Questions VALUES (9, 10, 3);
INSERT INTO Exam_Questions VALUES (10, 4, 9);




INSERT INTO Answer_Options VALUES (1, 'sign', 1);
INSERT INTO Answer_Options VALUES (2, 'know', 1);
INSERT INTO Answer_Options VALUES (3, 'practice', 0);
INSERT INTO Answer_Options VALUES (4, 'lay', 1);
INSERT INTO Answer_Options VALUES (5, 'front', 1);
INSERT INTO Answer_Options VALUES (6, 'memory', 1);
INSERT INTO Answer_Options VALUES (7, 'middle', 1);
INSERT INTO Answer_Options VALUES (8, 'gas', 0);
INSERT INTO Answer_Options VALUES (9, 'loss', 1);
INSERT INTO Answer_Options VALUES (10, 'view', 0);




INSERT INTO Questions_Options VALUES (1, 5, 5);
INSERT INTO Questions_Options VALUES (2, 5, 8);
INSERT INTO Questions_Options VALUES (3, 4, 4);
INSERT INTO Questions_Options VALUES (4, 3, 3);
INSERT INTO Questions_Options VALUES (5, 1, 3);
INSERT INTO Questions_Options VALUES (6, 10, 4);
INSERT INTO Questions_Options VALUES (7, 3, 1);
INSERT INTO Questions_Options VALUES (8, 2, 3);
INSERT INTO Questions_Options VALUES (9, 9, 4);
INSERT INTO Questions_Options VALUES (10, 10, 9);




INSERT INTO Student_Answers VALUES (1, 'bag', 3);
INSERT INTO Student_Answers VALUES (2, 'thousand', 10);
INSERT INTO Student_Answers VALUES (3, 'yet', 6);
INSERT INTO Student_Answers VALUES (4, 'free', 2);
INSERT INTO Student_Answers VALUES (5, 'meeting', 5);
INSERT INTO Student_Answers VALUES (6, 'it', 7);
INSERT INTO Student_Answers VALUES (7, 'born', 8);
INSERT INTO Student_Answers VALUES (8, 'PM', 9);
INSERT INTO Student_Answers VALUES (9, 'campaign', 8);
INSERT INTO Student_Answers VALUES (10, 'me', 4);